<?xml version="1.0" encoding="UTF-8" standalone="yes"?>
<addon id="script.module.pylights"
       name="pylights"
       version="0.0.5"
       provider-name="Damon Brodie (damon.brodie@gmail.com)">
  <requires>
    <import addon="xbmc.python" version="2.1.0"/>
	<import addon="script.module.pyserial" version="2.7.0"/>
  </requires>
  <extension point="xbmc.python.module"
             library="lib" />
  <extension point="xbmc.addon.metadata">
    <summary>Python API for Insteon PLM</summary>
    <description>Provides a Python API for accessing an Insteon PLM.</description>
    <license>BSD</license>
    <platform>all</platform>
  </extension>
</addon>
